{"loss": 10.626638412475586, "lr": 2.0000000000000003e-06, "_timestamp": 1706381170, "_runtime": 15, "_step": 2, "_wandb": {"runtime": 16}}